date,brent_usd_barrel,wti_usd_barrel,dubai_usd_barrel,us_gas_avg_gallon,us_diesel_avg_gallon,strait_hormuz_daily_ships,iran_production_mbpd,key_event,war_day,brent_vs_prewar_pct,gas_vs_prewar_pct,gas_change_from_prewar_dollars,phase,source,data_as_of
2/9/2026,67.4,62.1,66.8,2.81,3.68,138,3.3,Trump-Iran diplomatic talks described as 'very good',19,-7.8,-5.7,-0.17,Pre-War Tensions,AAA/CNBC/Fortune/NPR/CBS/Reuters/Euronews verified,20-Mar-26
2/10/2026,69.3,64.2,68.4,2.83,3.7,138,3.3,US warns ships to avoid Iranian waters during Hormuz talks,18,-5.2,-5,-0.15,Pre-War Tensions,AAA/CNBC/Fortune/NPR/CBS/Reuters/Euronews verified,20-Mar-26
2/14/2026,71.2,65.8,70.1,2.84,3.71,138,3.3,Iran insists on maintaining uranium enrichment,14,-2.6,-4.7,-0.14,Pre-War Tensions,AAA/CNBC/Fortune/NPR/CBS/Reuters/Euronews verified,20-Mar-26
2/18/2026,72.8,67.4,71.8,2.85,3.72,138,3.3,US-Israel joint military exercises escalate tensions,10,-0.4,-4.4,-0.13,Pre-War Tensions,AAA/CNBC/Fortune/NPR/CBS/Reuters/Euronews verified,20-Mar-26
2/24/2026,71.5,66.2,70.4,2.87,3.74,138,3.2,Final diplomatic ultimatum issued to Iran,4,-2.2,-3.7,-0.11,Pre-War Tensions,AAA/CNBC/Fortune/NPR/CBS/Reuters/Euronews verified,20-Mar-26
2/27/2026,73.1,67.8,72.2,2.92,3.75,138,3.2,Pre-strike day — market pricing in risk premium,1,0,-2,-0.06,Pre-War Tensions,AAA/CNBC/Fortune/NPR/CBS/Reuters/Euronews verified,20-Mar-26
2/28/2026,79.5,72.7,78.4,2.98,3.76,12,2.8,"DAY 1: US-Israel launch joint airstrikes on Iran nuclear sites. Ayatollah Khamenei killed. Iran closes Strait of Hormuz. Brent +9%, WTI +8.4%. IRGC: 'Strait is closed'",1,8.8,0,0,Week 1 Shock (Feb 28 - Mar 6),AAA/CNBC/Fortune/NPR/CBS/Reuters/Euronews verified,20-Mar-26
3/1/2026,84.2,77.1,83.8,3.05,3.82,8,2.6,DAY 2: Iran fires ballistic missiles at Israel. 3 Gulf tankers struck. Brent hits highest since 2025,2,15.2,2.3,0.07,Week 1 Shock (Feb 28 - Mar 6),AAA/CNBC/Fortune/NPR/CBS/Reuters/Euronews verified,20-Mar-26
3/2/2026,87.6,80.4,86.9,3.12,3.88,5,2.4,DAY 3: Qatar suspends LNG production after drone attacks on Ras Laffan and Mesaieed. IEA emergency meeting called,3,19.8,4.7,0.14,Week 1 Shock (Feb 28 - Mar 6),AAA/CNBC/Fortune/NPR/CBS/Reuters/Euronews verified,20-Mar-26
3/3/2026,91.2,83.8,90.6,3.18,3.94,5,2.3,DAY 4: US sinks 16 Iranian minelaying vessels near Hormuz. Dubai cargo aircraft diverted. IEA announces reserve release,4,24.8,6.7,0.2,Week 1 Shock (Feb 28 - Mar 6),AAA/CNBC/Fortune/NPR/CBS/Reuters/Euronews verified,20-Mar-26
3/4/2026,91.98,87.3,91.2,3.26,4.02,5,2.2,DAY 5: Brent +4.76% on tanker attacks. IEA 400M barrel release announced — largest in history. US commits 172M SPR barrels,5,25.8,9.4,0.28,Week 1 Shock (Feb 28 - Mar 6),AAA/CNBC/Fortune/NPR/CBS/Reuters/Euronews verified,20-Mar-26
3/5/2026,92.4,85.2,91.8,3.27,4.05,5,2.2,DAY 6: AAA — national gas average jumps 27 cents in one week. Trump demands allies send warships to reopen Hormuz,6,26.4,9.7,0.29,Week 1 Shock (Feb 28 - Mar 6),AAA/CNBC/Fortune/NPR/CBS/Reuters/Euronews verified,20-Mar-26
3/7/2026,96.8,88.4,95.6,3.36,4.18,4,2.1,DAY 8: Brent crosses $96. Dubai crude highest in history. India scrambles to reroute tankers around Cape of Good Hope,8,32.4,12.8,0.38,Week 2 Escalation (Mar 7-13),AAA/CNBC/Fortune/NPR/CBS/Reuters/Euronews verified,20-Mar-26
3/10/2026,99.8,91.4,98.6,3.48,4.38,4,2,DAY 11: Brent crosses $100 for first time since 2022. Gas hits highest since mid-2024 — up 21% in one month (AAA),11,36.5,16.8,0.5,Week 2 Escalation (Mar 7-13),AAA/CNBC/Fortune/NPR/CBS/Reuters/Euronews verified,20-Mar-26
3/11/2026,100.2,93.5,99.8,3.54,4.45,4,2,DAY 12: Trump pressures NATO allies to escort tankers. AAA: gas at $3.54 — highest since mid-2024,12,37.1,18.8,0.56,Week 2 Escalation (Mar 7-13),AAA/CNBC/Fortune/NPR/CBS/Reuters/Euronews verified,20-Mar-26
3/12/2026,101.4,93.8,100.6,3.58,4.52,4,1.9,DAY 13: Saudi Arabia intercepts Iranian drones targeting Aramco. Dubai crude $152+ — 40-year record high,13,38.7,20.1,0.6,Week 2 Escalation (Mar 7-13),AAA/CNBC/Fortune/NPR/CBS/Reuters/Euronews verified,20-Mar-26
3/13/2026,103.2,94.8,102.4,3.63,4.65,4,1.9,DAY 14: Brent $103. US allows sanctioned Iranian oil tankers through Strait as partial de-escalation measure,14,41.2,21.8,0.65,Week 2 Escalation (Mar 7-13),AAA/CNBC/Fortune/NPR/CBS/Reuters/Euronews verified,20-Mar-26
3/14/2026,101.8,93.8,100.8,3.63,4.72,4,1.9,DAY 15: Prices ease as Netanyahu signals ceasefire possible. Citi raises forecast to $120 near-term bull case,15,39.3,21.8,0.65,Week 3 Infrastructure Strikes (Mar 14-21),AAA/CNBC/Fortune/NPR/CBS/Reuters/Euronews verified,20-Mar-26
3/15/2026,100.2,93.5,99.4,3.65,4.78,4,1.9,DAY 16: Trump strikes Iranian Kharg Island military assets. Gas up 80 cents from pre-war level — largest monthly rise since Katrina,16,37.1,22.5,0.67,Week 3 Infrastructure Strikes (Mar 14-21),AAA/CNBC/Fortune/NPR/CBS/Reuters/Euronews verified,20-Mar-26
3/16/2026,100.8,94.1,100,3.72,4.86,4,1.9,DAY 17: Diesel nears $5/gal — highest since 2022. India confirms 2 ships through Hormuz — trickle resuming,17,37.9,24.8,0.74,Week 3 Infrastructure Strikes (Mar 14-21),AAA/CNBC/Fortune/NPR/CBS/Reuters/Euronews verified,20-Mar-26
3/17/2026,104.6,95.2,103.8,3.79,4.94,4,1.8,DAY 18: AAA national average $3.79 — highest since Sep 2023. US gas prices up 81 cents from pre-war. Diesel $4.94,18,43.1,27.2,0.81,Week 3 Infrastructure Strikes (Mar 14-21),AAA/CNBC/Fortune/NPR/CBS/Reuters/Euronews verified,20-Mar-26
3/18/2026,108.65,96.1,107.4,3.84,5.02,4,1.7,DAY 19: Israel strikes South Pars — Iran's largest gas field. Iran retaliates: strikes Saudi Aramco Samref refinery and UAE Al Hosn gas field. QatarEnergy 17% LNG capacity offline. Brent $108.65. Gas $3.84 — highest since Oct 2023 (AAA),19,48.6,28.9,0.86,Week 3 Infrastructure Strikes (Mar 14-21),AAA/CNBC/Fortune/NPR/CBS/Reuters/Euronews verified,20-Mar-26
3/19/2026,108.65,96.1,110.4,3.88,5.07,4,1.6,DAY 20: Brent briefly hits $119 intraday high on Qatar attack. Closes $108.65. WTI $96.14. Diesel $5.07 — highest since 2022. Netanyahu says Israel helping reopen Hormuz. Dubai drone incident near DXB Airport. 4 injured,20,48.6,30.2,0.9,Week 3 Infrastructure Strikes (Mar 14-21),AAA/CNBC/Fortune/NPR/CBS/Reuters/Euronews verified,20-Mar-26
3/20/2026,110.3,96.2,112.1,3.92,5.1,5,1.6,DAY 21: Brent open $110.96. WTI $96.20. US weighs releasing sanctioned Iranian tanker crude. Bessent: 'US may free up Iranian oil on water'. Pentagon requests extra $200B for war. Hegseth warns largest strike package yet incoming. Citi: $120 base case 1-3 months,21,50.9,31.5,0.94,Week 3 Infrastructure Strikes (Mar 14-21),AAA/CNBC/Fortune/NPR/CBS/Reuters/Euronews verified,20-Mar-26
